-----------------
-- Inserciones
-----------------
-- Solo hay inserciones de la tabla full_order_info
INSERT INTO full_order_info (
    order_id, product_id, quantity, price, orderdate, user_id,
    first_name, last_name, email, last_connection, website,
    name, description, stock, stock_price, stockmin, stockmax)
VALUES (
    1, 9, 5, 544.2,
    '2025-02-16', '5', 'Christopher', 'Charles',
    'christopher.charles@yahoo.com', '8.132.55.99', 'https://barrera.com/',
    'Webcam', 'Meet make compare sign history American school free we feeling light doctor.', 68,
    544.2, 15, 106
);
INSERT INTO full_order_info (
    order_id, product_id, quantity, price, orderdate, user_id,
    first_name, last_name, email, last_connection, website,
    name, description, stock, stock_price, stockmin, stockmax)
VALUES (
    18, 9, 1, 544.2,
    '2025-03-14', '5', 'Christopher', 'Charles',
    'christopher.charles@yahoo.com', '8.132.55.99', 'https://barrera.com/',
    'Webcam', 'Meet make compare sign history American school free we feeling light doctor.', 68,
    544.2, 15, 106
);
INSERT INTO full_order_info (
    order_id, product_id, quantity, price, orderdate, user_id,
    first_name, last_name, email, last_connection, website,
    name, description, stock, stock_price, stockmin, stockmax)
VALUES (
    21, 9, 3, 544.2,
    '2025-03-01', '5', 'Christopher', 'Charles',
    'christopher.charles@yahoo.com', '8.132.55.99', 'https://barrera.com/',
    'Webcam', 'Meet make compare sign history American school free we feeling light doctor.', 68,
    544.2, 15, 106
);
INSERT INTO full_order_info (
    order_id, product_id, quantity, price, orderdate, user_id,
    first_name, last_name, email, last_connection, website,
    name, description, stock, stock_price, stockmin, stockmax)
VALUES (
    27, 9, 3, 544.2,
    '2025-03-23', '5', 'Christopher', 'Charles',
    'christopher.charles@yahoo.com', '8.132.55.99', 'https://barrera.com/',
    'Webcam', 'Meet make compare sign history American school free we feeling light doctor.', 68,
    544.2, 15, 106
);
INSERT INTO full_order_info (
    order_id, product_id, quantity, price, orderdate, user_id,
    first_name, last_name, email, last_connection, website,
    name, description, stock, stock_price, stockmin, stockmax)
VALUES (
    34, 9, 3, 544.2,
    '2025-03-28', '3', 'Richard', 'Romero',
    'richard.romero@outlook.com', '177.25.110.80', 'http://www.keller.info/',
    'Webcam', 'Meet make compare sign history American school free we feeling light doctor.', 68,
    544.2, 15, 106
);

INSERT INTO full_order_info (
    order_id, product_id, quantity, price, orderdate, user_id,
    first_name, last_name, email, last_connection, website,
    name, description, stock, stock_price, stockmin, stockmax)
VALUES (
    24, 9, 5, 544.2,
    '2025-03-08', '1', 'Riley', 'Murphy',
    'riley.murphy@protonmail.com', '38.4.82.180', 'https://www.gibson.info/',
    'Webcam', 'Meet make compare sign history American school free we feeling light doctor.', 68,
    544.2, 15, 106
);
INSERT INTO full_order_info (
    order_id, product_id, quantity, price, orderdate, user_id,
    first_name, last_name, email, last_connection, website,
    name, description, stock, stock_price, stockmin, stockmax)
VALUES (
    35, 9, 3, 544.2,
    '2025-03-31', '9', 'Margaret', 'Lewis',
    'margaret.lewis@protonmail.com', '145.10.59.236', 'http://garcia-gomez.net/',
    'Webcam', 'Meet make compare sign history American school free we feeling light doctor.', 68,
    544.2, 15, 106
);
INSERT INTO full_order_info (
    order_id, product_id, quantity, price, orderdate, user_id,
    first_name, last_name, email, last_connection, website,
    name, description, stock, stock_price, stockmin, stockmax)
VALUES (
    19, 9, 4, 544.2,
    '2025-02-14', '2', 'Ann', 'York',
    'ann.york@protonmail.com', '149.151.103.224', 'https://www.peterson.com/',
    'Webcam', 'Meet make compare sign history American school free we feeling light doctor.', 68,
    544.2, 15, 106
);

INSERT INTO full_order_info (
    order_id, product_id, quantity, price, orderdate, user_id,
    first_name, last_name, email, last_connection, website,
    name, description, stock, stock_price, stockmin, stockmax)
VALUES (
    11, 9, 2, 544.2,
    '2025-02-17', '10', 'Stephanie', 'Parker',
    'stephanie.parker@hotmail.com', '139.92.112.71', 'https://best-campbell.com/',
    'Webcam', 'Meet make compare sign history American school free we feeling light doctor.', 68,
    544.2, 15, 106
);
INSERT INTO full_order_info (
    order_id, product_id, quantity, price, orderdate, user_id,
    first_name, last_name, email, last_connection, website,
    name, description, stock, stock_price, stockmin, stockmax)
VALUES (
    15, 9, 1, 544.2,
    '2025-03-19', '8', 'Desiree', 'Cox',
    'desiree.cox@gmail.com', '128.116.29.129', 'https://goodwin.com/',
    'Webcam', 'Meet make compare sign history American school free we feeling light doctor.', 68,
    544.2, 15, 106
);
INSERT INTO full_order_info (
    order_id, product_id, quantity, price, orderdate, user_id,
    first_name, last_name, email, last_connection, website,
    name, description, stock, stock_price, stockmin, stockmax)
VALUES (
    28, 9, 1, 544.2,
    '2025-03-12', '7', 'Michael', 'Williams',
    'michael.williams@gmail.com', '174.222.224.15', 'http://www.stewart-martin.info/',
    'Webcam', 'Meet make compare sign history American school free we feeling light doctor.', 68,
    544.2, 15, 106
);
INSERT INTO full_order_info (
    order_id, product_id, quantity, price, orderdate, user_id,
    first_name, last_name, email, last_connection, website,
    name, description, stock, stock_price, stockmin, stockmax)
VALUES (
    30, 9, 5, 544.2,
    '2025-02-25', '4', 'Christina', 'Porter',
    'christina.porter@yahoo.com', '200.175.247.128', 'https://sanchez-morris.info/',
    'Webcam', 'Meet make compare sign history American school free we feeling light doctor.', 68,
    544.2, 15, 106
);
INSERT INTO full_order_info (
    order_id, product_id, quantity, price, orderdate, user_id,
    first_name, last_name, email, last_connection, website,
    name, description, stock, stock_price, stockmin, stockmax)
VALUES (
    33, 9, 3, 544.2,
    '2025-03-24', '4', 'Christina', 'Porter',
    'christina.porter@yahoo.com', '200.175.247.128', 'https://sanchez-morris.info/',
    'Webcam', 'Meet make compare sign history American school free we feeling light doctor.', 68,
    544.2, 15, 106
);
INSERT INTO full_order_info (
    order_id, product_id, quantity, price, orderdate, user_id,
    first_name, last_name, email, last_connection, website,
    name, description, stock, stock_price, stockmin, stockmax)
VALUES (
    2, 10, 2, 428.26,
    '2025-03-06', '5', 'Christopher', 'Charles',
    'christopher.charles@yahoo.com', '8.132.55.99', 'https://barrera.com/',
    'USB Drive', 'Ahead he cup fine course exactly.', 89,
    428.26, 45, 172
);
INSERT INTO full_order_info (
    order_id, product_id, quantity, price, orderdate, user_id,
    first_name, last_name, email, last_connection, website,
    name, description, stock, stock_price, stockmin, stockmax)
VALUES (
    13, 10, 5, 428.26,
    '2025-03-31', '5', 'Christopher', 'Charles',
    'christopher.charles@yahoo.com', '8.132.55.99', 'https://barrera.com/',
    'USB Drive', 'Ahead he cup fine course exactly.', 89,
    428.26, 45, 172
);

-- Users
INSERT INTO users ("id", "first_name", "last_name", "email", "last_connection", "website") 
VALUES ('00001', 'Pamela', 'Harvey', 'pamela.harvey@icloud.com', '130.169.26.40', 'https://www.cummings-myers.com/');
INSERT INTO users ("id", "first_name", "last_name", "email", "last_connection", "website") 
VALUES ('00002', 'Zachary', 'Lopez', 'zachary.lopez@icloud.com', '71.36.0.117', 'https://www.jimenez.com/');
INSERT INTO users ("id", "first_name", "last_name", "email", "last_connection", "website") 
VALUES ('00003', 'Heather', 'Tucker', 'heather.tucker@hotmail.com', '149.255.250.172', 'https://jones.net/');
INSERT INTO users ("id", "first_name", "last_name", "email", "last_connection", "website") 
VALUES ('00004', 'Amanda', 'Khan', 'amanda.khan@icloud.com', '131.155.80.238', 'http://hebert.com/');
INSERT INTO users ("id", "first_name", "last_name", "email", "last_connection", "website") 
VALUES ('00005', 'Tammy', 'Cordova', 'tammy.cordova@yahoo.com', '114.150.104.42', 'http://www.horton.com/');

-- products
INSERT INTO products ("id","name", "description", "stock", "price", "stockmin", "stockmax") 
VALUES (1,'Laptop', 'Lot old magazine learn close art physical.', 97, 1084.85, 10, 98);
INSERT INTO products ("id","name", "description", "stock", "price", "stockmin", "stockmax") 
VALUES (2,'Smartphone', 'Unit economy bad including recent three seem offer continue rest.', 74, 545.58, 9, 172);
INSERT INTO products ("id","name", "description", "stock", "price", "stockmin", "stockmax") 
VALUES (3,'Tablet', 'Attorney ground hair senior customer exist.', 31, 1309.25, 1, 86);
INSERT INTO products ("id","name", "description", "stock", "price", "stockmin", "stockmax") 
VALUES (4,'Monitor', 'Trial per movement fast day help and hold.', 40, 234.68, 6, 111);
INSERT INTO products ("id","name", "description", "stock", "price", "stockmin", "stockmax") 
VALUES (5,'Keyboard', 'Doctor hear lay white ready color action option tough past she.', 99, 1052.35, 87, 199);
INSERT INTO products ("id","name", "description", "stock", "price", "stockmin", "stockmax") 
VALUES (6,'Mouse', 'West end year he quickly life with left list hospital describe unit possible.', 32, 1208.06, 13, 54);
INSERT INTO products ("id","name", "description", "stock", "price", "stockmin", "stockmax") 
VALUES (7,'Printer', 'Before test for information teach least go wear.', 74, 884.87, 42, 103);

INSERT INTO products ("id","name", "description", "stock", "price", "stockmin", "stockmax") 
VALUES (8,'Headphones', 'First political pattern anything news be machine while.', 44, 56.86, 21, 119);
INSERT INTO products ("id","name", "description", "stock", "price", "stockmin", "stockmax") 
VALUES (9,'Webcam', 'Standard second believe prove physical end future again both account century.', 32, 377.28, 8, 62);
INSERT INTO products ("id","name", "description", "stock", "price", "stockmin", "stockmax") 
VALUES (10,'USB Drive', 'Rate trouble rich prepare visit total sell spring save here pick manager.', 73, 359.74, 33, 124);
INSERT INTO products ("id","name", "description", "stock", "price", "stockmin", "stockmax") 
VALUES (11,'External HDD', 'Notice true record policy theory above claim cut.', 31, 115.21, 24, 67);
-- orders
INSERT INTO orders ("id", "orderdate", "user_id")
VALUES (1, '2025-02-16', '00005');
INSERT INTO orders ("id", "orderdate", "user_id")
VALUES (2, '2025-03-06', '00005');
INSERT INTO orders ("id", "orderdate", "user_id")
VALUES (3, '2025-03-25', '00005');
INSERT INTO orders ("id", "orderdate", "user_id")
VALUES (4, '2025-03-18', '00003');
INSERT INTO orders ("id", "orderdate", "user_id")
VALUES (5, '2025-03-10', '00001');
INSERT INTO orders ("id", "orderdate", "user_id")
VALUES (6, '2025-02-13', '00003');

-- orders details
INSERT INTO order_details ("id", "order_id", "product_id", "quantity", "price")
VALUES (1, 1, 9, 5, 544.2);
INSERT INTO order_details ("id", "order_id", "product_id", "quantity", "price")
VALUES (2, 2, 10, 2, 428.26);
INSERT INTO order_details ("id", "order_id", "product_id", "quantity", "price")
VALUES (3, 3, 2, 4, 250.73);
INSERT INTO order_details ("id", "order_id", "product_id", "quantity", "price")
VALUES (4, 4, 1, 5, 811.79);
INSERT INTO order_details ("id", "order_id", "product_id", "quantity", "price")
VALUES (5, 4, 10, 5, 428.26);
INSERT INTO order_details ("id", "order_id", "product_id", "quantity", "price")
VALUES (6, 5, 4, 1, 1432.67);
INSERT INTO order_details ("id", "order_id", "product_id", "quantity", "price")
VALUES (7, 5, 5, 1, 1146.23);
